{"grad_norm":0.4064198434352875,"_step":1,"loss":1.0022860765457153,"epoch_loss":1.0064040684118503,"_wandb":{"runtime":99},"learning_rate":3.96e-06,"epoch":1,"_timestamp":1.7527389447277412e+09,"_runtime":99,"step":99}