{"_step":1,"_timestamp":1.7527386463402317e+09,"step":99,"epoch_loss":1.0064040684118503,"grad_norm":0.4064198434352875,"learning_rate":3.96e-06,"_runtime":97,"epoch":1,"loss":1.0022860765457153,"_wandb":{"runtime":97}}