{"learning_rate":0.00011596000000000001,"_wandb":{"runtime":1747},"epoch":18,"_step":62,"grad_norm":24.88214111328125,"step":2899,"loss":0.14419706165790558,"epoch_loss":0.12090212143049008,"samples":{"height":128,"_type":"image-file","sha256":"f77242db23ec45f502a628c79c464218a135bc3a077575eb2326f3478b37d689","size":16580,"path":"media/images/samples_60_f77242db23ec45f502a6.png","format":"png","width":128},"_runtime":1747,"_timestamp":1.752759806957643e+09}