{"step":199,"epoch":2,"_step":3,"learning_rate":7.96e-06,"_timestamp":1.7527383173372347e+09,"grad_norm":0.21356196701526642,"_wandb":{"runtime":222},"_runtime":222,"loss":0.9817153215408325,"samples":{"height":512,"_type":"image-file","sha256":"83628d2064b4a41549131830bf8bdd942fe58c97adbfcb20119982fa62ee80eb","size":263056,"path":"media/images/samples_2_83628d2064b4a4154913.png","format":"png","width":512},"epoch_loss":1.0064040684118503}