{"epoch":100,"_runtime":9912,"loss":0.007056205999106169,"epoch_loss":0.01026664279605739,"_wandb":{"runtime":9912},"learning_rate":0.0002,"_timestamp":1.7528112783997278e+09,"grad_norm":0.05638984590768814,"_step":363,"samples":{"sha256":"ddd3f9b2a92a8bed1705d970d36e3b3898f2f0a012cbb2de244c1939235be0da","size":2554,"path":"media/images/samples_363_ddd3f9b2a92a8bed1705.png","format":"png","width":128,"height":128,"_type":"image-file"},"step":16399}