{"samples":{"format":"png","width":128,"height":128,"_type":"image-file","sha256":"f759bec1b17c69e5152d1cfea8b4457c9fe4c3bff57803d1631397222c7f8377","size":16580,"path":"media/images/samples_2_f759bec1b17c69e5152d.png"},"_timestamp":1.7527600139376862e+09,"loss":0.08460142463445663,"epoch_loss":0.6703612501846581,"_wandb":{"runtime":179},"_runtime":179,"_step":4,"grad_norm":0.4513584077358246,"learning_rate":1.196e-05,"step":299,"epoch":2}