{"step":99,"epoch":1,"_wandb":{"runtime":98},"loss":1.0022860765457153,"epoch_loss":1.0064040684118503,"_runtime":98,"learning_rate":3.96e-06,"_timestamp":1.752738818833626e+09,"_step":1,"grad_norm":0.4064198434352875}