{"_timestamp":1.7527489537755105e+09,"step":16399,"_wandb":{"runtime":9881},"epoch":100,"_step":363,"loss":0.14443695545196533,"grad_norm":22.942880630493164,"_runtime":9881,"learning_rate":0.0002,"epoch_loss":0.15691301267503238,"samples":{"size":16580,"path":"media/images/samples_363_f7957282dd6d0323dd35.png","format":"png","width":128,"height":128,"_type":"image-file","sha256":"f7957282dd6d0323dd35797553d59c551cfe18210be47b23ba00bfb464d44750"}}